{
  "ask_movie_cast": {
    "precision": 0.5217391304347826,
    "recall": 0.8571428571428571,
    "f1-score": 0.6486486486486486,
    "support": 14,
    "confused_with": {
      "ask_movie_details": 2
    }
  },
  "ask_song_details": {
    "precision": 0.35714285714285715,
    "recall": 0.3333333333333333,
    "f1-score": 0.3448275862068965,
    "support": 15,
    "confused_with": {
      "ask_movie_details": 5,
      "ask_artist_info": 3
    }
  },
  "ask_movie_recommendation": {
    "precision": 0.5833333333333334,
    "recall": 0.9333333333333333,
    "f1-score": 0.7179487179487181,
    "support": 15,
    "confused_with": {
      "ask_movie_by_genre": 1
    }
  },
  "ask_song_recommendation": {
    "precision": 0.5294117647058824,
    "recall": 0.6,
    "f1-score": 0.5625,
    "support": 15,
    "confused_with": {
      "ask_song_by_genre": 4,
      "ask_movie_recommendation": 2
    }
  },
  "ask_movie_director": {
    "precision": 0.7058823529411765,
    "recall": 0.75,
    "f1-score": 0.7272727272727272,
    "support": 16,
    "confused_with": {
      "ask_movie_details": 2,
      "ask_movie_cast": 2
    }
  },
  "ask_movie_details": {
    "precision": 0.29411764705882354,
    "recall": 0.3333333333333333,
    "f1-score": 0.3125,
    "support": 15,
    "confused_with": {
      "ask_movie_cast": 5,
      "ask_movie_director": 4
    }
  },
  "ask_song_by_genre": {
    "precision": 0.375,
    "recall": 0.16666666666666666,
    "f1-score": 0.23076923076923078,
    "support": 18,
    "confused_with": {
      "ask_song_recommendation": 6,
      "ask_movie_by_genre": 4,
      "ask_top_songs": 3
    }
  },
  "ask_top_songs": {
    "precision": 0.631578947368421,
    "recall": 0.8571428571428571,
    "f1-score": 0.7272727272727273,
    "support": 14,
    "confused_with": {
      "ask_song_recommendation": 1,
      "ask_song_by_genre": 1
    }
  },
  "ask_artist_info": {
    "precision": 0.3333333333333333,
    "recall": 0.125,
    "f1-score": 0.18181818181818182,
    "support": 16,
    "confused_with": {
      "ask_song_details": 9,
      "ask_movie_details": 3
    }
  },
  "ask_now_playing": {
    "precision": 0.8461538461538461,
    "recall": 0.7857142857142857,
    "f1-score": 0.8148148148148148,
    "support": 14,
    "confused_with": {
      "ask_top_songs": 2,
      "ask_movie_cast": 1
    }
  },
  "ask_movie_by_genre": {
    "precision": 0.5833333333333334,
    "recall": 0.3888888888888889,
    "f1-score": 0.4666666666666666,
    "support": 18,
    "confused_with": {
      "ask_movie_recommendation": 7,
      "ask_now_playing": 2
    }
  },
  "accuracy": 0.5411764705882353,
  "macro avg": {
    "precision": 0.5237296859823444,
    "recall": 0.5573232323232323,
    "f1-score": 0.5213672092198738,
    "support": 170
  },
  "weighted avg": {
    "precision": 0.5195890702906135,
    "recall": 0.5411764705882353,
    "f1-score": 0.5108014819525974,
    "support": 170
  },
  "micro avg": {
    "precision": 0.5411764705882353,
    "recall": 0.5411764705882353,
    "f1-score": 0.5411764705882353,
    "support": 170
  }
}